{"cameraMode":{"drawMode":0,"name":"Shaded","section":"Shading Mode"},"sceneLighting":true,"audioPlay":false,"sceneViewState":{"m_AlwaysRefresh":false,"showFog":true,"showSkybox":true,"showFlares":true,"showImageEffects":true,"showParticleSystems":true,"showVisualEffectGraphs":true,"m_FxEnabled":true},"in2DMode":false,"pivot":{"x":-13.437374114990235,"y":5.920024871826172,"z":-90.1881103515625},"rotation":{"x":-0.052047956734895709,"y":-0.16639158129692079,"z":0.008793650195002556,"w":-0.9846526980400086},"size":3.9707396030426027,"orthographic":true}